{"cameraMode":{"drawMode":0,"name":"Shaded","section":"Shading Mode"},"sceneLighting":false,"audioPlay":false,"sceneViewState":{"m_AlwaysRefresh":false,"showFog":true,"showSkybox":false,"showFlares":true,"showImageEffects":true,"showParticleSystems":true,"showVisualEffectGraphs":true,"m_FxEnabled":true},"in2DMode":false,"pivot":{"x":0.6490932703018189,"y":-1.0199624300003052,"z":-4.063425064086914},"rotation":{"x":0.004922871477901936,"y":0.9936797022819519,"z":-0.0910000428557396,"w":0.06792973726987839},"size":4.008592128753662,"orthographic":false}