{"cameraMode":{"drawMode":0,"name":"Shaded","section":"Shading Mode"},"sceneLighting":true,"audioPlay":false,"sceneViewState":{"m_AlwaysRefresh":false,"showFog":true,"showSkybox":true,"showFlares":true,"showImageEffects":true,"showParticleSystems":true,"showVisualEffectGraphs":true,"m_FxEnabled":true},"in2DMode":false,"pivot":{"x":47.438560485839847,"y":0.3305599093437195,"z":34.748680114746097},"rotation":{"x":0.32608315348625185,"y":-0.078029103577137,"z":0.02690551057457924,"w":0.9417904019355774},"size":3.8679826259613039,"orthographic":false}