{"cameraMode":{"drawMode":0,"name":"Shaded","section":"Shading Mode"},"sceneLighting":true,"audioPlay":false,"sceneViewState":{"m_AlwaysRefresh":false,"showFog":true,"showSkybox":true,"showFlares":true,"showImageEffects":true,"showParticleSystems":true,"showVisualEffectGraphs":true,"m_FxEnabled":true},"in2DMode":false,"pivot":{"x":53.78065490722656,"y":31.865100860595704,"z":42.03467559814453},"rotation":{"x":0.4841434061527252,"y":-0.06984752416610718,"z":0.038804881274700168,"w":0.8713647127151489},"size":39.39583206176758,"orthographic":false}