{"cameraMode":{"drawMode":0,"name":"Shaded","section":"Shading Mode"},"sceneLighting":true,"audioPlay":false,"sceneViewState":{"m_AlwaysRefresh":false,"showFog":true,"showSkybox":true,"showFlares":true,"showImageEffects":true,"showParticleSystems":true,"showVisualEffectGraphs":true,"m_FxEnabled":true},"in2DMode":false,"pivot":{"x":44.46110916137695,"y":-9.999545097351075,"z":47.886478424072269},"rotation":{"x":-0.5561227798461914,"y":-0.01784941926598549,"z":0.011945509351789952,"w":-0.8309249877929688},"size":10.165300369262696,"orthographic":false}