{"cameraMode":{"drawMode":0,"name":"Shaded","section":"Shading Mode"},"sceneLighting":true,"audioPlay":false,"sceneViewState":{"m_AlwaysRefresh":false,"showFog":true,"showSkybox":true,"showFlares":true,"showImageEffects":true,"showParticleSystems":true,"showVisualEffectGraphs":true,"m_FxEnabled":true},"in2DMode":false,"pivot":{"x":57.460086822509769,"y":2.5209555625915529,"z":30.40436553955078},"rotation":{"x":0.26047179102897646,"y":0.015350551344454289,"z":-0.0028892098926007749,"w":0.965535581111908},"size":6.1427226066589359,"orthographic":false}