{"cameraMode":{"drawMode":0,"name":"Shaded","section":"Shading Mode"},"sceneLighting":true,"audioPlay":false,"sceneViewState":{"m_AlwaysRefresh":false,"showFog":true,"showSkybox":true,"showFlares":true,"showImageEffects":true,"showParticleSystems":true,"showVisualEffectGraphs":true,"m_FxEnabled":true},"in2DMode":false,"pivot":{"x":53.266422271728519,"y":10.031506538391114,"z":21.882410049438478},"rotation":{"x":-0.2612190842628479,"y":0.01836603879928589,"z":-0.0049545057117938999,"w":-0.9651784300804138},"size":10.165300369262696,"orthographic":false}