{"cameraMode":{"drawMode":0,"name":"Shaded","section":"Shading Mode"},"sceneLighting":true,"audioPlay":false,"sceneViewState":{"m_AlwaysRefresh":false,"showFog":true,"showSkybox":true,"showFlares":true,"showImageEffects":true,"showParticleSystems":true,"showVisualEffectGraphs":true,"m_FxEnabled":true},"in2DMode":false,"pivot":{"x":48.647300720214847,"y":4.1992974281311039,"z":27.298704147338868},"rotation":{"x":0.05568770691752434,"y":-0.058002863079309466,"z":0.0033087118063122036,"w":0.9968241453170776},"size":0.44928625226020815,"orthographic":false}