{"cameraMode":{"drawMode":0,"name":"Shaded","section":"Shading Mode"},"sceneLighting":true,"audioPlay":false,"sceneViewState":{"m_AlwaysRefresh":false,"showFog":true,"showSkybox":true,"showFlares":true,"showImageEffects":true,"showParticleSystems":true,"showVisualEffectGraphs":true,"m_FxEnabled":true},"in2DMode":false,"pivot":{"x":51.07759094238281,"y":12.562344551086426,"z":34.075836181640628},"rotation":{"x":0.39556369185447695,"y":-0.05660860240459442,"z":0.024995950981974603,"w":0.9165090918540955},"size":0.988278865814209,"orthographic":false}