{"cameraMode":{"drawMode":0,"name":"Shaded","section":"Shading Mode"},"sceneLighting":false,"audioPlay":false,"sceneViewState":{"m_AlwaysRefresh":false,"showFog":true,"showSkybox":false,"showFlares":true,"showImageEffects":true,"showParticleSystems":true,"showVisualEffectGraphs":true,"m_FxEnabled":true},"in2DMode":false,"pivot":{"x":0.07925999164581299,"y":0.7048444151878357,"z":-0.27332615852355959},"rotation":{"x":0.2478504329919815,"y":-0.08591022342443466,"z":0.022525953128933908,"w":0.9648688435554504},"size":1.0287737846374512,"orthographic":false}