{"cameraMode":{"drawMode":0,"name":"Shaded","section":"Shading Mode"},"sceneLighting":false,"audioPlay":false,"sceneViewState":{"m_AlwaysRefresh":false,"showFog":true,"showSkybox":false,"showFlares":true,"showImageEffects":true,"showParticleSystems":true,"showVisualEffectGraphs":true,"m_FxEnabled":true},"in2DMode":false,"pivot":{"x":-0.4195803999900818,"y":0.4509423077106476,"z":-0.08204668015241623},"rotation":{"x":-0.04368527978658676,"y":-0.8507335186004639,"z":0.5190216302871704,"w":-0.07143843173980713},"size":1.349937915802002,"orthographic":false}