{"cameraMode":{"drawMode":0,"name":"Shaded","section":"Shading Mode"},"sceneLighting":false,"audioPlay":false,"sceneViewState":{"m_AlwaysRefresh":false,"showFog":true,"showSkybox":false,"showFlares":true,"showImageEffects":true,"showParticleSystems":true,"showVisualEffectGraphs":true,"m_FxEnabled":true},"in2DMode":false,"pivot":{"x":-0.15074799954891206,"y":1.2085777521133423,"z":0.12129322439432144},"rotation":{"x":-0.02552478387951851,"y":0.924128532409668,"z":-0.3761211931705475,"w":-0.06457884609699249},"size":1.4300315380096436,"orthographic":false}