{"cameraMode":{"drawMode":0,"name":"Shaded","section":"Shading Mode"},"sceneLighting":false,"audioPlay":false,"sceneViewState":{"m_AlwaysRefresh":false,"showFog":true,"showSkybox":false,"showFlares":true,"showImageEffects":true,"showParticleSystems":true,"showVisualEffectGraphs":true,"m_FxEnabled":true},"in2DMode":false,"pivot":{"x":-0.8585543036460877,"y":0.03412822261452675,"z":-0.061061568558216098},"rotation":{"x":-0.0893627181649208,"y":-0.6494526267051697,"z":0.07663334161043167,"w":-0.7514261603355408},"size":0.773265540599823,"orthographic":false}