{"cameraMode":{"drawMode":0,"name":"Shaded","section":"Shading Mode"},"sceneLighting":false,"audioPlay":false,"sceneViewState":{"m_AlwaysRefresh":false,"showFog":true,"showSkybox":false,"showFlares":true,"showImageEffects":true,"showParticleSystems":true,"showVisualEffectGraphs":true,"m_FxEnabled":true},"in2DMode":false,"pivot":{"x":18.654769897460939,"y":-7.744128704071045,"z":0.13172176480293275},"rotation":{"x":0.15232396125793458,"y":0.6869852542877197,"z":-0.15008649230003358,"w":0.6946710348129273},"size":11.338310241699219,"orthographic":false}